<?xml version="1.0" encoding="UTF-8"?>
<beans xmlns="http://www.springframework.org/schema/beans"
       xmlns:xsi="http://www.w3.org/2001/XMLSchema-instance"
       xmlns:context="http://www.springframework.org/schema/context"
       xmlns:tx="http://www.springframework.org/schema/tx"
       xmlns:aop="http://www.springframework.org/schema/aop"
       xsi:schemaLocation="http://www.springframework.org/schema/beans
          http://www.springframework.org/schema/beans/spring-beans.xsd
          http://www.springframework.org/schema/mvc
          http://www.springframework.org/schema/mvc/spring-mvc.xsd
          http://www.springframework.org/schema/tx
          http://www.springframework.org/schema/tx/spring-tx-3.0.xsd
          http://www.springframework.org/schema/context
          http://www.springframework.org/schema/context/spring-context.xsd
          http://www.springframework.org/schema/aop  
          http://www.springframework.org/schema/aop/spring-aop-3.2.xsd">

    <!-- Bean definitions go here -->
    
    
    <bean id="fmUserIO" class="com.st.FlooringMastery.ui.FMUserIOConsoleImpl.java"/>
    
    <bean id="view" class="com.st.FlooringMastery.ui.FMView">
        <constructor-arg ref="fmUserIO"/>
    </bean>
    
    
    <!-- DAO -->
     <bean id="ordersDao"  class="com.st.FlooringMastery.Dao.OrderDaoFileImpl"/>
   
    <bean id="productsDao"  class="com.st.FlooringMastery.Dao.ProductsDaoFileImpl"/>
   
    <bean id="statesDao" class="com.st.FlooringMastery.Dao.StatesDaoFileImpl"/>
    
    <!-- Audit -->
    <bean id="auditDao"  class="com.st.FlooringMastery.Dao.AuditDaoFileImpl"/>    
   
    <!-- Service -->
    <bean id="service" class="com.st.FlooringMastery.service.FMServiceImpl">
        <constructor-arg ref="ordersDao"/>
        <constructor-arg ref="productsDao"/>
        <constructor-arg ref="statesDao"/>
        <constructor-arg ref="auditDao"/>
    </bean>    

    <bean id="controller" class="com.st.FlooringMastery.Controller.FMController">
        <constructor-arg ref="view"/>
        <constructor-arg ref="service"/>
    </bean>
          
</beans>

